run	accession	url	md5	bytes
SRR22441822	S101	ftp.sra.ebi.ac.uk/vol1/fastq/SRR224/022/SRR22441822/SRR22441822.fastq.gz	a00c8a399bab9b76458da0961ae75782	4217232385
SRR22441827	S039	ftp.sra.ebi.ac.uk/vol1/fastq/SRR224/027/SRR22441827/SRR22441827.fastq.gz	1ebb5acbc8f2fa1f43e8e5f252cd046c	4022428320
SRR22441833	S340	ftp.sra.ebi.ac.uk/vol1/fastq/SRR224/033/SRR22441833/SRR22441833.fastq.gz	af0fecd6ae5d52036d0d12564128d148	5267853000
SRR22441835	S338	ftp.sra.ebi.ac.uk/vol1/fastq/SRR224/035/SRR22441835/SRR22441835.fastq.gz	caa2ac27daa2689b2e1b958c851bedcf	4681220794
SRR22441836	S358	ftp.sra.ebi.ac.uk/vol1/fastq/SRR224/036/SRR22441836/SRR22441836.fastq.gz	96662cd759896d82662a04382b20b90e	4374469830
SRR22441839	S038	ftp.sra.ebi.ac.uk/vol1/fastq/SRR224/039/SRR22441839/SRR22441839.fastq.gz	e0311030ddf1ad080e515a15b19d4c53	4515671216
SRR22441842	S355	ftp.sra.ebi.ac.uk/vol1/fastq/SRR224/042/SRR22441842/SRR22441842.fastq.gz	6b5532d555dfdaea1f51b232a7c0e11f	3662040231
SRR22441844	S353	ftp.sra.ebi.ac.uk/vol1/fastq/SRR224/044/SRR22441844/SRR22441844.fastq.gz	0030860f7c25ca4e21252a2ee38af3ce	4779606897
SRR22441847	S348	ftp.sra.ebi.ac.uk/vol1/fastq/SRR224/047/SRR22441847/SRR22441847.fastq.gz	2e8e8e5805e3420bea02ee61c00182a7	4297736231
SRR22441850	S346	ftp.sra.ebi.ac.uk/vol1/fastq/SRR224/050/SRR22441850/SRR22441850.fastq.gz	aa5718ad10e98328ecd2a9b3286146e2	2616825981
SRR22441855	S341	ftp.sra.ebi.ac.uk/vol1/fastq/SRR224/055/SRR22441855/SRR22441855.fastq.gz	cf8cf2855a0b2f03b6ffe42bcc3f0e3d	4455966720
SRR22441858	S319	ftp.sra.ebi.ac.uk/vol1/fastq/SRR224/058/SRR22441858/SRR22441858.fastq.gz	43f989abbfb71209f96fc412b87e88c9	5627696109
SRR22441859	S304	ftp.sra.ebi.ac.uk/vol1/fastq/SRR224/059/SRR22441859/SRR22441859.fastq.gz	921c009aabec1299d87de321531bdec7	4267143627
SRR22441860	S303	ftp.sra.ebi.ac.uk/vol1/fastq/SRR224/060/SRR22441860/SRR22441860.fastq.gz	d0d523cf4663695d89619d79949ea188	5046421547
SRR22441863	S281	ftp.sra.ebi.ac.uk/vol1/fastq/SRR224/063/SRR22441863/SRR22441863.fastq.gz	ca7b1ec3096bde31445ddce8887fc3f6	4925404342
SRR22441864	S280	ftp.sra.ebi.ac.uk/vol1/fastq/SRR224/064/SRR22441864/SRR22441864.fastq.gz	1a921dd31f920d94f9fd2943b88b87d0	4270734393
SRR22441868	S316	ftp.sra.ebi.ac.uk/vol1/fastq/SRR224/068/SRR22441868/SRR22441868.fastq.gz	8783121dfef3d045fe9f2777ee28871e	3778528291
SRR22441873	S291	ftp.sra.ebi.ac.uk/vol1/fastq/SRR224/073/SRR22441873/SRR22441873.fastq.gz	ffe3d089c49e5b1f96a23e6dd2e179b6	3219475145
SRR22441874	S310	ftp.sra.ebi.ac.uk/vol1/fastq/SRR224/074/SRR22441874/SRR22441874.fastq.gz	d9345e9e0f1bcd4b6ff9988652e3dc69	4429464192
SRR22441880	S306	ftp.sra.ebi.ac.uk/vol1/fastq/SRR224/080/SRR22441880/SRR22441880.fastq.gz	29405b23d7253ee2f9f26314c3ccae1c	4512017398
SRR22441893	S274	ftp.sra.ebi.ac.uk/vol1/fastq/SRR224/093/SRR22441893/SRR22441893.fastq.gz	2575ab2d54ccacecf82a243701fb37d7	3341216646
SRR22441902	S093	ftp.sra.ebi.ac.uk/vol1/fastq/SRR224/002/SRR22441902/SRR22441902.fastq.gz	29bbcf9fa21c604f6df7c181f711e5cf	3927914158
SRR22441903	S068	ftp.sra.ebi.ac.uk/vol1/fastq/SRR224/003/SRR22441903/SRR22441903.fastq.gz	38701b1ae5179ca054a31408e99c3c78	4353126710
SRR22441908	S064	ftp.sra.ebi.ac.uk/vol1/fastq/SRR224/008/SRR22441908/SRR22441908.fastq.gz	d09d33bd8420e048f69fdb9d64ccf3ce	4308930831
SRR22441918	S078	ftp.sra.ebi.ac.uk/vol1/fastq/SRR224/018/SRR22441918/SRR22441918.fastq.gz	e8bebf2b119179186a7f5d2554f7a07c	4839609467
SRR22441924	S072	ftp.sra.ebi.ac.uk/vol1/fastq/SRR224/024/SRR22441924/SRR22441924.fastq.gz	eb8bee83b79f0bfb16c0526b2f842983	5455281138
SRR22441925	S095	ftp.sra.ebi.ac.uk/vol1/fastq/SRR224/025/SRR22441925/SRR22441925.fastq.gz	01a49ee98ddc012cd78aeb0724d9f81c	3714269193
SRR22441926	S071	ftp.sra.ebi.ac.uk/vol1/fastq/SRR224/026/SRR22441926/SRR22441926.fastq.gz	a13c99bee055b0c17bbcea5885ddb4f1	5163234054
SRR22441930	S044	ftp.sra.ebi.ac.uk/vol1/fastq/SRR224/030/SRR22441930/SRR22441930.fastq.gz	a01a9224017198f6451e9e9fc9736ea3	4459399671
SRR22441932	S336	ftp.sra.ebi.ac.uk/vol1/fastq/SRR224/032/SRR22441932/SRR22441932.fastq.gz	0cda7bc56823a634bde91849048808d9	5764917293
SRR22441937	S352	ftp.sra.ebi.ac.uk/vol1/fastq/SRR224/037/SRR22441937/SRR22441937.fastq.gz	6b03141bf087c4339acd896ec769d211	4765100827
SRR22441939	S331	ftp.sra.ebi.ac.uk/vol1/fastq/SRR224/039/SRR22441939/SRR22441939.fastq.gz	7b68c641326feea29db597c43b975b8b	3836117015
SRR22441946	S325	ftp.sra.ebi.ac.uk/vol1/fastq/SRR224/046/SRR22441946/SRR22441946.fastq.gz	d2cfe489d17beff7920bc179c48bb615	3810166952
SRR22441948	S323	ftp.sra.ebi.ac.uk/vol1/fastq/SRR224/048/SRR22441948/SRR22441948.fastq.gz	9c2816055e607b68ba6f23417cb8534c	4305623257
SRR22441950	S300	ftp.sra.ebi.ac.uk/vol1/fastq/SRR224/050/SRR22441950/SRR22441950.fastq.gz	9d9a318afd2f8ec6bcb394334438ccee	3744042619
SRR22441951	S299	ftp.sra.ebi.ac.uk/vol1/fastq/SRR224/051/SRR22441951/SRR22441951.fastq.gz	a72434ee45cba2c2ec9dafeb6c994629	4001622610
SRR22441965	S005	ftp.sra.ebi.ac.uk/vol1/fastq/SRR224/065/SRR22441965/SRR22441965.fastq.gz	4b25c304c147f00b960428f844f3b0dd	3616442301
SRR22441968	S271	ftp.sra.ebi.ac.uk/vol1/fastq/SRR224/068/SRR22441968/SRR22441968.fastq.gz	ce1c4c0ab1a3f9389d28a413b0d2dbf2	3957373043
SRR22441971	S268	ftp.sra.ebi.ac.uk/vol1/fastq/SRR224/071/SRR22441971/SRR22441971.fastq.gz	f98d370a790d078de5c0979684e67cd0	3940821086
SRR22441972	S267	ftp.sra.ebi.ac.uk/vol1/fastq/SRR224/072/SRR22441972/SRR22441972.fastq.gz	f78e41f92dccd2f6eaa505a01bb5abca	3718668655
SRR22441976	S264	ftp.sra.ebi.ac.uk/vol1/fastq/SRR224/076/SRR22441976/SRR22441976.fastq.gz	f6447d251306fe7f8c2bcb3728daf9d2	3701986441
SRR22441977	S263	ftp.sra.ebi.ac.uk/vol1/fastq/SRR224/077/SRR22441977/SRR22441977.fastq.gz	dcbe2f5b8c784da824fbd2202fe2b8c6	3372397083
SRR22441978	S262	ftp.sra.ebi.ac.uk/vol1/fastq/SRR224/078/SRR22441978/SRR22441978.fastq.gz	fdaee3c60a10fe7b5f7752b8c672f706	3799479514
SRR22441980	S238	ftp.sra.ebi.ac.uk/vol1/fastq/SRR224/080/SRR22441980/SRR22441980.fastq.gz	d6b531445f3c1880a282a1f63f999f86	4476470833
SRR22441985	S276	ftp.sra.ebi.ac.uk/vol1/fastq/SRR224/085/SRR22441985/SRR22441985.fastq.gz	dc943e76bb89c6fe1e357e263ad821f1	4055954362
SRR22441988	S254	ftp.sra.ebi.ac.uk/vol1/fastq/SRR224/088/SRR22441988/SRR22441988.fastq.gz	68c77e8ddeafb732ae5aad9481946c79	3710677329
SRR22441990	S252	ftp.sra.ebi.ac.uk/vol1/fastq/SRR224/090/SRR22441990/SRR22441990.fastq.gz	c8b542a97e7e30a95d5319abae9216d6	5438190219
SRR22441991	S249	ftp.sra.ebi.ac.uk/vol1/fastq/SRR224/091/SRR22441991/SRR22441991.fastq.gz	8f52e477c0eb68244db6dc84d152f5c4	5532500958
SRR22441997	S244	ftp.sra.ebi.ac.uk/vol1/fastq/SRR224/097/SRR22441997/SRR22441997.fastq.gz	60ff75cafb440c1da708389f3e1b3183	3534171689
SRR22442006	S202	ftp.sra.ebi.ac.uk/vol1/fastq/SRR224/006/SRR22442006/SRR22442006.fastq.gz	e69f6ef173f6f12088e3fa8ee32a9aaa	3525476659
SRR22442010	S198	ftp.sra.ebi.ac.uk/vol1/fastq/SRR224/010/SRR22442010/SRR22442010.fastq.gz	de888c76ccc169af7bcf5ca26f9b8779	4726023542
SRR22442012	S196	ftp.sra.ebi.ac.uk/vol1/fastq/SRR224/012/SRR22442012/SRR22442012.fastq.gz	dc73aee26204ccc7e841d235770deec1	4609321876
SRR22442015	S194	ftp.sra.ebi.ac.uk/vol1/fastq/SRR224/015/SRR22442015/SRR22442015.fastq.gz	a90ced154f14b5225efab32fd758c451	4785066971
SRR22442016	S193	ftp.sra.ebi.ac.uk/vol1/fastq/SRR224/016/SRR22442016/SRR22442016.fastq.gz	3df32ff1f8b6906a8487b49989f203b7	4080436801
SRR22442018	S191	ftp.sra.ebi.ac.uk/vol1/fastq/SRR224/018/SRR22442018/SRR22442018.fastq.gz	3d41906fd6a08c228606e504871fcc64	4245483962
SRR22442019	S190	ftp.sra.ebi.ac.uk/vol1/fastq/SRR224/019/SRR22442019/SRR22442019.fastq.gz	e2549d902ca8bde0183d886c5f77aace	5219859728
SRR22442026	S184	ftp.sra.ebi.ac.uk/vol1/fastq/SRR224/026/SRR22442026/SRR22442026.fastq.gz	4a5ee192fc6a732bf64260c56705e6d1	3801629476
SRR22442027	S183	ftp.sra.ebi.ac.uk/vol1/fastq/SRR224/027/SRR22442027/SRR22442027.fastq.gz	fcc2c315c56183d5bf9d0640064e284c	4304025986
SRR22442032	S178	ftp.sra.ebi.ac.uk/vol1/fastq/SRR224/032/SRR22442032/SRR22442032.fastq.gz	c556318b3c5ab1c3e932e0fa0c1d51fc	4387824022
SRR22442035	S019	ftp.sra.ebi.ac.uk/vol1/fastq/SRR224/035/SRR22442035/SRR22442035.fastq.gz	2d6776c370386b99a3fbcc923884171d	4162274020
SRR22442037	S174	ftp.sra.ebi.ac.uk/vol1/fastq/SRR224/037/SRR22442037/SRR22442037.fastq.gz	1d9101e5a6134f47127548cb08341717	3425726936
SRR22442039	S043	ftp.sra.ebi.ac.uk/vol1/fastq/SRR224/039/SRR22442039/SRR22442039.fastq.gz	dd1b6080ef6b950d92308cc976f293b4	4097806222
SRR22442041	S063	ftp.sra.ebi.ac.uk/vol1/fastq/SRR224/041/SRR22442041/SRR22442041.fastq.gz	86697513ea7dd597f6e9e0b63eb06764	5061807466
SRR22442042	S008	ftp.sra.ebi.ac.uk/vol1/fastq/SRR224/042/SRR22442042/SRR22442042.fastq.gz	5cd2ad9a85140f964a47cc33990eba4a	4420000428
SRR22442043	S061	ftp.sra.ebi.ac.uk/vol1/fastq/SRR224/043/SRR22442043/SRR22442043.fastq.gz	9facb9f96db3533360a5ad925d87c0a4	4571171080
SRR22442047	S060	ftp.sra.ebi.ac.uk/vol1/fastq/SRR224/047/SRR22442047/SRR22442047.fastq.gz	599aa6b3d65691a5830c59bef1a6ebfc	4216007549
SRR22442052	S055	ftp.sra.ebi.ac.uk/vol1/fastq/SRR224/052/SRR22442052/SRR22442052.fastq.gz	edd7efd21fbabd1466fb92bf28cb7638	4239161479
SRR22442054	S053	ftp.sra.ebi.ac.uk/vol1/fastq/SRR224/054/SRR22442054/SRR22442054.fastq.gz	75f1ce9a2bcde4b1b0b21cf3b7e06e65	4171363915
SRR22442055	S007	ftp.sra.ebi.ac.uk/vol1/fastq/SRR224/055/SRR22442055/SRR22442055.fastq.gz	e006cb0f40c6c6a348221ad285513c76	4789259767
SRR22442062	S360	ftp.sra.ebi.ac.uk/vol1/fastq/SRR224/062/SRR22442062/SRR22442062.fastq.gz	f83c28a9104d0aebba098bfdd018ba50	3583120742
SRR22442064	S042	ftp.sra.ebi.ac.uk/vol1/fastq/SRR224/064/SRR22442064/SRR22442064.fastq.gz	99830a2cb53fbb2e23e52b4f61f126a8	4361197475
SRR22442066	S062	ftp.sra.ebi.ac.uk/vol1/fastq/SRR224/066/SRR22442066/SRR22442066.fastq.gz	8bb5d056ea8d7d990d3c219b4f58ad50	4560560570
SRR22442067	S040	ftp.sra.ebi.ac.uk/vol1/fastq/SRR224/067/SRR22442067/SRR22442067.fastq.gz	4c02e17452f28a176618737af218301c	3796378490
SRR22442068	S376	ftp.sra.ebi.ac.uk/vol1/fastq/SRR224/068/SRR22442068/SRR22442068.fastq.gz	00cce5a31824873ccf527d9f97c9ee57	3737466927
SRR22442076	S235	ftp.sra.ebi.ac.uk/vol1/fastq/SRR224/076/SRR22442076/SRR22442076.fastq.gz	a505fc2dd1c6a72558fa828d0741975f	3413094359
SRR22442079	S232	ftp.sra.ebi.ac.uk/vol1/fastq/SRR224/079/SRR22442079/SRR22442079.fastq.gz	da7e5671a915efec67c94b1a576a3356	5509417442
SRR22442084	S251	ftp.sra.ebi.ac.uk/vol1/fastq/SRR224/084/SRR22442084/SRR22442084.fastq.gz	d6cdab1e6dcbfdf48777e361230c244a	5657780020
SRR22442086	S218	ftp.sra.ebi.ac.uk/vol1/fastq/SRR224/086/SRR22442086/SRR22442086.fastq.gz	c094144b9dcedff61a602d0e6075fa27	4330440116
SRR22442087	S219	ftp.sra.ebi.ac.uk/vol1/fastq/SRR224/087/SRR22442087/SRR22442087.fastq.gz	91052e8c8f28e302599ae140aa0c185a	4235471175
SRR22442088	S220	ftp.sra.ebi.ac.uk/vol1/fastq/SRR224/088/SRR22442088/SRR22442088.fastq.gz	524cd27669349ff0e881207286a17e2d	4297800260
SRR22442090	S222	ftp.sra.ebi.ac.uk/vol1/fastq/SRR224/090/SRR22442090/SRR22442090.fastq.gz	60ba4d5d0aa80e17cfc88258a701928c	4136885334
SRR22442091	S223	ftp.sra.ebi.ac.uk/vol1/fastq/SRR224/091/SRR22442091/SRR22442091.fastq.gz	20506d4d0a9f2e11f8309ad42d687a13	5289034394
SRR22442092	S224	ftp.sra.ebi.ac.uk/vol1/fastq/SRR224/092/SRR22442092/SRR22442092.fastq.gz	81e7c89b987e3e6f07f6c68cea1f1d9f	3396321503
SRR22442094	S226	ftp.sra.ebi.ac.uk/vol1/fastq/SRR224/094/SRR22442094/SRR22442094.fastq.gz	b237c0ded05487cb2395721c0c1970c8	4353621794
SRR22442097	S228	ftp.sra.ebi.ac.uk/vol1/fastq/SRR224/097/SRR22442097/SRR22442097.fastq.gz	64f62f4d789967262dd7de2a41b8e0d1	5897613847
SRR22442099	S207	ftp.sra.ebi.ac.uk/vol1/fastq/SRR224/099/SRR22442099/SRR22442099.fastq.gz	c2478a424f41b4d561113f4e068c3c33	5233812220
SRR22442108	S216	ftp.sra.ebi.ac.uk/vol1/fastq/SRR224/008/SRR22442108/SRR22442108.fastq.gz	78c81db115361bb57e2fdd79144e0c4a	4056378319
SRR22442111	S172	ftp.sra.ebi.ac.uk/vol1/fastq/SRR224/011/SRR22442111/SRR22442111.fastq.gz	00764b14e7249159b9ace7aa806d2b11	4404986386
SRR22442112	S171	ftp.sra.ebi.ac.uk/vol1/fastq/SRR224/012/SRR22442112/SRR22442112.fastq.gz	4591dd6fdc75a380f8d765f60755b260	4046125093
SRR22442117	S166	ftp.sra.ebi.ac.uk/vol1/fastq/SRR224/017/SRR22442117/SRR22442117.fastq.gz	c595b386f9000d80fb26fc3c9662b868	3446714441
SRR22442118	S018	ftp.sra.ebi.ac.uk/vol1/fastq/SRR224/018/SRR22442118/SRR22442118.fastq.gz	8a025099c7794334bd0b44da14645b8c	4235747991
SRR22442122	S162	ftp.sra.ebi.ac.uk/vol1/fastq/SRR224/022/SRR22442122/SRR22442122.fastq.gz	1b7cc1d60576881267f69c3e7058d39a	4357660320
SRR22442125	S159	ftp.sra.ebi.ac.uk/vol1/fastq/SRR224/025/SRR22442125/SRR22442125.fastq.gz	e9d17a96f5439bc758f332096421721b	5106107529
SRR22442126	S158	ftp.sra.ebi.ac.uk/vol1/fastq/SRR224/026/SRR22442126/SRR22442126.fastq.gz	355bf21aa9d4ffed2678706e09540a28	4018984242
SRR22442128	S156	ftp.sra.ebi.ac.uk/vol1/fastq/SRR224/028/SRR22442128/SRR22442128.fastq.gz	c2aabcbd9c02c52cd193f92f37182fbd	3493487532
SRR22442129	S017	ftp.sra.ebi.ac.uk/vol1/fastq/SRR224/029/SRR22442129/SRR22442129.fastq.gz	98f7b4b4a1df79712f818c3b256497c8	3813017971
SRR22442130	S155	ftp.sra.ebi.ac.uk/vol1/fastq/SRR224/030/SRR22442130/SRR22442130.fastq.gz	f1dfe88d1cb1fbfb6a43efc1a5c33456	5199847115
SRR22442131	S154	ftp.sra.ebi.ac.uk/vol1/fastq/SRR224/031/SRR22442131/SRR22442131.fastq.gz	f4351bd552786d31f9edae13eada9966	3740117931
SRR22442133	S152	ftp.sra.ebi.ac.uk/vol1/fastq/SRR224/033/SRR22442133/SRR22442133.fastq.gz	762ef6861baabe308a80c1dd981cf717	4287769982
SRR22442135	S150	ftp.sra.ebi.ac.uk/vol1/fastq/SRR224/035/SRR22442135/SRR22442135.fastq.gz	6a06ed95b97d9125c66486827d0aa335	3913284715
SRR22442136	S149	ftp.sra.ebi.ac.uk/vol1/fastq/SRR224/036/SRR22442136/SRR22442136.fastq.gz	78cd5ff3e2f454e099f845da0f078de1	4068467989
SRR22442137	S148	ftp.sra.ebi.ac.uk/vol1/fastq/SRR224/037/SRR22442137/SRR22442137.fastq.gz	2383218f9e2d233d935e2017175b8172	3557860747
SRR22442142	S144	ftp.sra.ebi.ac.uk/vol1/fastq/SRR224/042/SRR22442142/SRR22442142.fastq.gz	c311e78a33e78fb72cde39c6c499ee47	4238981754
SRR22442145	S141	ftp.sra.ebi.ac.uk/vol1/fastq/SRR224/045/SRR22442145/SRR22442145.fastq.gz	6871c77b679cb275c4726173da4f4cee	4380032980
SRR22442147	S139	ftp.sra.ebi.ac.uk/vol1/fastq/SRR224/047/SRR22442147/SRR22442147.fastq.gz	1f4677ab5261cf374d305f5b985d749d	4069901197
SRR22442148	S138	ftp.sra.ebi.ac.uk/vol1/fastq/SRR224/048/SRR22442148/SRR22442148.fastq.gz	576625d24b959685c5271ba23c853bd4	3698912848
SRR22442150	S136	ftp.sra.ebi.ac.uk/vol1/fastq/SRR224/050/SRR22442150/SRR22442150.fastq.gz	afb35b9ec887a2354afcc0c8260d380d	4251629095
SRR22442152	S135	ftp.sra.ebi.ac.uk/vol1/fastq/SRR224/052/SRR22442152/SRR22442152.fastq.gz	bc16b8d034d7fda361bd998057a92aef	3584822868
SRR22442153	S134	ftp.sra.ebi.ac.uk/vol1/fastq/SRR224/053/SRR22442153/SRR22442153.fastq.gz	ff51461770b226cee78692f7a058a4eb	4484291135
SRR22442154	S133	ftp.sra.ebi.ac.uk/vol1/fastq/SRR224/054/SRR22442154/SRR22442154.fastq.gz	339f553978b0b000a3122020fe1a5f32	4015335086
SRR22442156	S131	ftp.sra.ebi.ac.uk/vol1/fastq/SRR224/056/SRR22442156/SRR22442156.fastq.gz	24ad9a904fac9100a33cdaf39bd4eb51	3955181412
SRR22442157	S130	ftp.sra.ebi.ac.uk/vol1/fastq/SRR224/057/SRR22442157/SRR22442157.fastq.gz	9bf9714e9732cc764121908b546fd6dc	3968991840
SRR22442159	S128	ftp.sra.ebi.ac.uk/vol1/fastq/SRR224/059/SRR22442159/SRR22442159.fastq.gz	1fa5c07dc9a321a14e7c321c9049e085	4051237470
SRR22442160	S127	ftp.sra.ebi.ac.uk/vol1/fastq/SRR224/060/SRR22442160/SRR22442160.fastq.gz	779cbfdc2b5d728991624ba5a8b216e3	4399952602
SRR22442161	S126	ftp.sra.ebi.ac.uk/vol1/fastq/SRR224/061/SRR22442161/SRR22442161.fastq.gz	0dbbd361099e8d6efaed1276851ba626	4273786668
SRR22442162	S014	ftp.sra.ebi.ac.uk/vol1/fastq/SRR224/062/SRR22442162/SRR22442162.fastq.gz	c8c1c373b7c2a73f37eac5b84649b7e4	3610033971
SRR22442168	S120	ftp.sra.ebi.ac.uk/vol1/fastq/SRR224/068/SRR22442168/SRR22442168.fastq.gz	2dc8f78cbe6bf8a145c8cd4483c37633	4522420300
SRR22442172	S116	ftp.sra.ebi.ac.uk/vol1/fastq/SRR224/072/SRR22442172/SRR22442172.fastq.gz	83b6be4e699702310161bc9b22ff7efe	3521377304
SRR22442175	S114	ftp.sra.ebi.ac.uk/vol1/fastq/SRR224/075/SRR22442175/SRR22442175.fastq.gz	ed44dc978d60021ca8eb540f75fcc35b	4149075591
SRR22442176	S113	ftp.sra.ebi.ac.uk/vol1/fastq/SRR224/076/SRR22442176/SRR22442176.fastq.gz	a1df0bef7b3b6841f80a729ce3cf8929	2687134423
SRR22442178	S111	ftp.sra.ebi.ac.uk/vol1/fastq/SRR224/078/SRR22442178/SRR22442178.fastq.gz	c46b613250cf801f1de31a08a6011645	4236180892
SRR22442181	S108	ftp.sra.ebi.ac.uk/vol1/fastq/SRR224/081/SRR22442181/SRR22442181.fastq.gz	1601b29a293d695dd84e69a97ec731b1	4186176862
SRR22442184	S012	ftp.sra.ebi.ac.uk/vol1/fastq/SRR224/084/SRR22442184/SRR22442184.fastq.gz	65c59e2c4b6337fee51d2a50b756d0bf	3861908028
SRR22441819	S091	ftp.sra.ebi.ac.uk/vol1/fastq/SRR224/019/SRR22441819/SRR22441819.fastq.gz	b9623955ae1de9cee25bb52a4479413f	3248414003
SRR22441820	S103	ftp.sra.ebi.ac.uk/vol1/fastq/SRR224/020/SRR22441820/SRR22441820.fastq.gz	f39066ff6a1f975bdbe98334d522bf06	5421689053
SRR22441821	S102	ftp.sra.ebi.ac.uk/vol1/fastq/SRR224/021/SRR22441821/SRR22441821.fastq.gz	aafd8ac307957fac3abb3c2c0ff69499	5329077199
SRR22441823	S369	ftp.sra.ebi.ac.uk/vol1/fastq/SRR224/023/SRR22441823/SRR22441823.fastq.gz	6d5ac84d5524046f4b7b0c0c399a3dc4	4811929911
SRR22441826	S051	ftp.sra.ebi.ac.uk/vol1/fastq/SRR224/026/SRR22441826/SRR22441826.fastq.gz	647f3a4cd504e88abdc3375b0745fe8d	3572875220
SRR22441828	S367	ftp.sra.ebi.ac.uk/vol1/fastq/SRR224/028/SRR22441828/SRR22441828.fastq.gz	a211b90bfe9fcefc93a5a9b96eed22ba	5301320588
SRR22441829	S366	ftp.sra.ebi.ac.uk/vol1/fastq/SRR224/029/SRR22441829/SRR22441829.fastq.gz	47bfc41d2685eefafb011d276b68620c	4568442849
SRR22441834	S339	ftp.sra.ebi.ac.uk/vol1/fastq/SRR224/034/SRR22441834/SRR22441834.fastq.gz	11c0b9e28d6e5aa2875b443862694b04	4755097186
SRR22441838	S036	ftp.sra.ebi.ac.uk/vol1/fastq/SRR224/038/SRR22441838/SRR22441838.fastq.gz	635f17e7dd2ab9f2f787df0a234a624e	3882898251
SRR22441845	S350	ftp.sra.ebi.ac.uk/vol1/fastq/SRR224/045/SRR22441845/SRR22441845.fastq.gz	3e6d6366095ee4fbbc7752221b31d613	4708058008
SRR22441846	S349	ftp.sra.ebi.ac.uk/vol1/fastq/SRR224/046/SRR22441846/SRR22441846.fastq.gz	2e0ac68fdebeb431563379e6a77fec1a	3277058925
SRR22441853	S342	ftp.sra.ebi.ac.uk/vol1/fastq/SRR224/053/SRR22441853/SRR22441853.fastq.gz	c73d27613b9ebb60117d7f607a165aa9	6083728407
SRR22441854	S362	ftp.sra.ebi.ac.uk/vol1/fastq/SRR224/054/SRR22441854/SRR22441854.fastq.gz	15e9435b2b59ba626541bdfd5831f9cf	4156158443
SRR22441857	S320	ftp.sra.ebi.ac.uk/vol1/fastq/SRR224/057/SRR22441857/SRR22441857.fastq.gz	1e84255300fcd18a25f319cd8d0a61ac	3702352539
SRR22441861	S302	ftp.sra.ebi.ac.uk/vol1/fastq/SRR224/061/SRR22441861/SRR22441861.fastq.gz	4be11f157457639888a2410312f9e491	3523979934
SRR22441865	S279	ftp.sra.ebi.ac.uk/vol1/fastq/SRR224/065/SRR22441865/SRR22441865.fastq.gz	eca4d0a01df2979036fb975b122ecdf7	4375210344
SRR22441876	S290	ftp.sra.ebi.ac.uk/vol1/fastq/SRR224/076/SRR22441876/SRR22441876.fastq.gz	c01a5d6c458f1cef2da118dc32768312	3926569243
SRR22441877	S289	ftp.sra.ebi.ac.uk/vol1/fastq/SRR224/077/SRR22441877/SRR22441877.fastq.gz	05abc44622d8da9127d7984acf9358dd	4560047173
SRR22441879	S287	ftp.sra.ebi.ac.uk/vol1/fastq/SRR224/079/SRR22441879/SRR22441879.fastq.gz	719254b8441fe09a43fb70cc0f8f39f7	6433571823
SRR22441881	S030	ftp.sra.ebi.ac.uk/vol1/fastq/SRR224/081/SRR22441881/SRR22441881.fastq.gz	4971067e03fb594cf9f856d0afafffa3	5536176200
SRR22441882	S286	ftp.sra.ebi.ac.uk/vol1/fastq/SRR224/082/SRR22441882/SRR22441882.fastq.gz	dc02b06708ca57ec46823b5464ae97da	5129864732
SRR22441883	S285	ftp.sra.ebi.ac.uk/vol1/fastq/SRR224/083/SRR22441883/SRR22441883.fastq.gz	d7ed8ed5c91c4d7b2c0e99b7d3507ddb	5371271486
SRR22441884	S284	ftp.sra.ebi.ac.uk/vol1/fastq/SRR224/084/SRR22441884/SRR22441884.fastq.gz	247a29d45df393eb0ac9a7022f49cf3c	4810120190
SRR22441887	S260	ftp.sra.ebi.ac.uk/vol1/fastq/SRR224/087/SRR22441887/SRR22441887.fastq.gz	3be5e5cf678a559f32b51a848abc0514	3635972871
SRR22441888	S259	ftp.sra.ebi.ac.uk/vol1/fastq/SRR224/088/SRR22441888/SRR22441888.fastq.gz	c56c8475181d4504b497829a021e6f14	3957902320
SRR22441889	S258	ftp.sra.ebi.ac.uk/vol1/fastq/SRR224/089/SRR22441889/SRR22441889.fastq.gz	e58b51822f059076f92910b2a3136cc4	5172669117
SRR22441890	S277	ftp.sra.ebi.ac.uk/vol1/fastq/SRR224/090/SRR22441890/SRR22441890.fastq.gz	b14fbd2e6008c5e0b870ff4f9412046e	4135683711
SRR22441891	S029	ftp.sra.ebi.ac.uk/vol1/fastq/SRR224/091/SRR22441891/SRR22441891.fastq.gz	d83e7047d37053cabee1f84fd7e8d9ab	3640726230
SRR22441892	S275	ftp.sra.ebi.ac.uk/vol1/fastq/SRR224/092/SRR22441892/SRR22441892.fastq.gz	86a5999808c8aeed615c86a39275e88e	4714309494
SRR22441895	S100	ftp.sra.ebi.ac.uk/vol1/fastq/SRR224/095/SRR22441895/SRR22441895.fastq.gz	5eb1dd9374f9d59fb355040db69da8c0	3745598518
SRR22441896	S099	ftp.sra.ebi.ac.uk/vol1/fastq/SRR224/096/SRR22441896/SRR22441896.fastq.gz	5413a7a1afc05d7584ff9987cbf14729	3815428421
SRR22441897	S098	ftp.sra.ebi.ac.uk/vol1/fastq/SRR224/097/SRR22441897/SRR22441897.fastq.gz	01313449a6f21021b2d5dec7b4e55177	3849971199
SRR22441899	S096	ftp.sra.ebi.ac.uk/vol1/fastq/SRR224/099/SRR22441899/SRR22441899.fastq.gz	b4e42eb7521f48ede179ea8b46165208	4735305399
SRR22441901	S094	ftp.sra.ebi.ac.uk/vol1/fastq/SRR224/001/SRR22441901/SRR22441901.fastq.gz	0dce90af664d26d08acace7538549ecd	3030702309
SRR22441904	S067	ftp.sra.ebi.ac.uk/vol1/fastq/SRR224/004/SRR22441904/SRR22441904.fastq.gz	f582e10cdc2f7307587e53889493213a	5054667045
SRR22441905	S065	ftp.sra.ebi.ac.uk/vol1/fastq/SRR224/005/SRR22441905/SRR22441905.fastq.gz	1127f33a598de130cfe305768a58f0ec	4940012420
SRR22441907	S089	ftp.sra.ebi.ac.uk/vol1/fastq/SRR224/007/SRR22441907/SRR22441907.fastq.gz	5802de7bcc703e44551504026cb99922	3744788595
SRR22441909	S088	ftp.sra.ebi.ac.uk/vol1/fastq/SRR224/009/SRR22441909/SRR22441909.fastq.gz	09d6ac3a15d9fab4e4455dd0e0a185a4	3874907752
SRR22441910	S087	ftp.sra.ebi.ac.uk/vol1/fastq/SRR224/010/SRR22441910/SRR22441910.fastq.gz	4fbcf223fc13f7a6593578973ae2ac6a	3876496588
SRR22441913	S081	ftp.sra.ebi.ac.uk/vol1/fastq/SRR224/013/SRR22441913/SRR22441913.fastq.gz	b9c327e0ee07a1051c5a33d514a4dea9	3341764399
SRR22441914	S105	ftp.sra.ebi.ac.uk/vol1/fastq/SRR224/014/SRR22441914/SRR22441914.fastq.gz	2015842c17c9f1aa8ba4152fd59bf012	4208450753
SRR22441916	S080	ftp.sra.ebi.ac.uk/vol1/fastq/SRR224/016/SRR22441916/SRR22441916.fastq.gz	ea4e5042685c52cfe8afa2f02955a5ba	3692741068
SRR22441920	S076	ftp.sra.ebi.ac.uk/vol1/fastq/SRR224/020/SRR22441920/SRR22441920.fastq.gz	133f4017c1f460c5b1e82b7be1becde9	4942839047
SRR22441922	S009	ftp.sra.ebi.ac.uk/vol1/fastq/SRR224/022/SRR22441922/SRR22441922.fastq.gz	d89a5f0f2d8879998c627dc9add1d886	4677381017
SRR22441928	S069	ftp.sra.ebi.ac.uk/vol1/fastq/SRR224/028/SRR22441928/SRR22441928.fastq.gz	854df25a3174b9391750f03b7fb09fd7	4918130651
SRR22441929	S045	ftp.sra.ebi.ac.uk/vol1/fastq/SRR224/029/SRR22441929/SRR22441929.fastq.gz	b8ee79e518375b7405d030ee681b9cd5	3424905542
SRR22441936	S332	ftp.sra.ebi.ac.uk/vol1/fastq/SRR224/036/SRR22441936/SRR22441936.fastq.gz	9d328a6055a759c77a4dcac7e8a61f61	3345727334
SRR22441940	S330	ftp.sra.ebi.ac.uk/vol1/fastq/SRR224/040/SRR22441940/SRR22441940.fastq.gz	52b6e46ae752ee6b4bc138ec39655fec	3713102214
SRR22441941	S329	ftp.sra.ebi.ac.uk/vol1/fastq/SRR224/041/SRR22441941/SRR22441941.fastq.gz	85abbd7bbbeb79f7c8ab98fce632e53c	4841284155
SRR22441943	S327	ftp.sra.ebi.ac.uk/vol1/fastq/SRR224/043/SRR22441943/SRR22441943.fastq.gz	4246158bdd3bb0eb38448816a31653fd	5516815458
SRR22441944	S035	ftp.sra.ebi.ac.uk/vol1/fastq/SRR224/044/SRR22441944/SRR22441944.fastq.gz	22dcbfaac435ba07e27e162df5b50b28	3961940980
SRR22441947	S324	ftp.sra.ebi.ac.uk/vol1/fastq/SRR224/047/SRR22441947/SRR22441947.fastq.gz	13998adc411b879416eae62d0df0a097	5071826428
SRR22441952	S298	ftp.sra.ebi.ac.uk/vol1/fastq/SRR224/052/SRR22441952/SRR22441952.fastq.gz	2664499c272e5ba62f3ef2f11102b72c	3770860873
SRR22441955	S317	ftp.sra.ebi.ac.uk/vol1/fastq/SRR224/055/SRR22441955/SRR22441955.fastq.gz	20e55bad2cad378f6c87b350b716ea3d	4237215024
SRR22441956	S034	ftp.sra.ebi.ac.uk/vol1/fastq/SRR224/056/SRR22441956/SRR22441956.fastq.gz	a109d535bb6c6b0ecf7a134d7bb4a8a1	4086664408
SRR22441959	S313	ftp.sra.ebi.ac.uk/vol1/fastq/SRR224/059/SRR22441959/SRR22441959.fastq.gz	4fb9c1f71dade1636a2117e346e78b4d	4383817206
SRR22441960	S312	ftp.sra.ebi.ac.uk/vol1/fastq/SRR224/060/SRR22441960/SRR22441960.fastq.gz	954f7a0939bee5419d2457e11067c15f	5109202450
SRR22441961	S311	ftp.sra.ebi.ac.uk/vol1/fastq/SRR224/061/SRR22441961/SRR22441961.fastq.gz	79fdafe9598954cda81facc2d056a8e0	5016879559
SRR22441966	S305	ftp.sra.ebi.ac.uk/vol1/fastq/SRR224/066/SRR22441966/SRR22441966.fastq.gz	3e34fc788d8bf325cd18549f40bdd428	4768726484
SRR22441967	S272	ftp.sra.ebi.ac.uk/vol1/fastq/SRR224/067/SRR22441967/SRR22441967.fastq.gz	5c18d0fd027f7732c73d3e2cb68124e4	4126327394
SRR22441969	S270	ftp.sra.ebi.ac.uk/vol1/fastq/SRR224/069/SRR22441969/SRR22441969.fastq.gz	1ded1ef2f4b207ea28edb67b0c1fe4a2	5437883666
SRR22441970	S269	ftp.sra.ebi.ac.uk/vol1/fastq/SRR224/070/SRR22441970/SRR22441970.fastq.gz	ff8b3de8996fd3d332df72aa2dad242f	6430181049
SRR22441974	S266	ftp.sra.ebi.ac.uk/vol1/fastq/SRR224/074/SRR22441974/SRR22441974.fastq.gz	6e331deaf5a2ba74d2400a1706cc7ad6	2760561330
SRR22441975	S265	ftp.sra.ebi.ac.uk/vol1/fastq/SRR224/075/SRR22441975/SRR22441975.fastq.gz	af9e4c51047eb79d02a0e27a28da347d	4167791802
SRR22441981	S237	ftp.sra.ebi.ac.uk/vol1/fastq/SRR224/081/SRR22441981/SRR22441981.fastq.gz	63812a4e9c2aedd898de1a4c67f1a057	7088211281
SRR22441983	S257	ftp.sra.ebi.ac.uk/vol1/fastq/SRR224/083/SRR22441983/SRR22441983.fastq.gz	eee8876f73716124655f671cbb44db4b	4121291169
SRR22441987	S255	ftp.sra.ebi.ac.uk/vol1/fastq/SRR224/087/SRR22441987/SRR22441987.fastq.gz	c63b3bae2fd91ea4f038f205520aa308	3005452969
SRR22441989	S253	ftp.sra.ebi.ac.uk/vol1/fastq/SRR224/089/SRR22441989/SRR22441989.fastq.gz	c137a38e8537d829d7c43c46f94c25aa	6606917708
SRR22441993	S247	ftp.sra.ebi.ac.uk/vol1/fastq/SRR224/093/SRR22441993/SRR22441993.fastq.gz	fd54ff964be731152834463b19a95453	5494887522
SRR22441994	S026	ftp.sra.ebi.ac.uk/vol1/fastq/SRR224/094/SRR22441994/SRR22441994.fastq.gz	5c9c79d687083ca984ed5c99540cba13	4889027268
SRR22441996	S245	ftp.sra.ebi.ac.uk/vol1/fastq/SRR224/096/SRR22441996/SRR22441996.fastq.gz	1631b3bd584538c080ef25d57681b508	3313320121
SRR22441999	S242	ftp.sra.ebi.ac.uk/vol1/fastq/SRR224/099/SRR22441999/SRR22441999.fastq.gz	3574bcdcac3eecd61403447fcea88563	2051753159
SRR22442004	S204	ftp.sra.ebi.ac.uk/vol1/fastq/SRR224/004/SRR22442004/SRR22442004.fastq.gz	bdfa65709b2e23504e7bba5f3ae2bce0	3589953726
SRR22442008	S200	ftp.sra.ebi.ac.uk/vol1/fastq/SRR224/008/SRR22442008/SRR22442008.fastq.gz	b888a7007317ee9f1bd0cf08795db07d	4068229201
SRR22442009	S199	ftp.sra.ebi.ac.uk/vol1/fastq/SRR224/009/SRR22442009/SRR22442009.fastq.gz	c16fd984c0576a41dedc75e0c75c0a37	3812158036
SRR22442011	S197	ftp.sra.ebi.ac.uk/vol1/fastq/SRR224/011/SRR22442011/SRR22442011.fastq.gz	f42489a43e52187d9179ecd61dedb8c7	3823436131
SRR22442013	S021	ftp.sra.ebi.ac.uk/vol1/fastq/SRR224/013/SRR22442013/SRR22442013.fastq.gz	c53cd324ae190f1bb6b6185a31ad4baa	3745813343
SRR22442017	S192	ftp.sra.ebi.ac.uk/vol1/fastq/SRR224/017/SRR22442017/SRR22442017.fastq.gz	b798d418af6159a5450d71f186f6bfbf	2089563774
SRR22442021	S188	ftp.sra.ebi.ac.uk/vol1/fastq/SRR224/021/SRR22442021/SRR22442021.fastq.gz	7b9b491b86cf75b0aa39831824c29c90	3447151864
SRR22442023	S186	ftp.sra.ebi.ac.uk/vol1/fastq/SRR224/023/SRR22442023/SRR22442023.fastq.gz	33aa038b7d0425549da3a5877fd7d87d	3630953769
SRR22442024	S020	ftp.sra.ebi.ac.uk/vol1/fastq/SRR224/024/SRR22442024/SRR22442024.fastq.gz	2c08a0f025c358553d63fbc1b0f39645	4021468192
SRR22442029	S181	ftp.sra.ebi.ac.uk/vol1/fastq/SRR224/029/SRR22442029/SRR22442029.fastq.gz	a440f71988b81aa8da33cc751e8c8888	4544540593
SRR22442030	S180	ftp.sra.ebi.ac.uk/vol1/fastq/SRR224/030/SRR22442030/SRR22442030.fastq.gz	f18afde8099ad93894bb75fe4231ae32	3589007413
SRR22442034	S176	ftp.sra.ebi.ac.uk/vol1/fastq/SRR224/034/SRR22442034/SRR22442034.fastq.gz	8bf0ab1bb7f7a6f67af647f4533395ac	4017372238
SRR22442038	S173	ftp.sra.ebi.ac.uk/vol1/fastq/SRR224/038/SRR22442038/SRR22442038.fastq.gz	b54012d1db13d853e6b0f53350597f8e	4180583196
SRR22442046	S082	ftp.sra.ebi.ac.uk/vol1/fastq/SRR224/046/SRR22442046/SRR22442046.fastq.gz	4c58735143cc87143e8383f7464e4e6a	4193160679
SRR22442048	S059	ftp.sra.ebi.ac.uk/vol1/fastq/SRR224/048/SRR22442048/SRR22442048.fastq.gz	3fc2bd32e3962c43ecfac27a0a065f3b	4297723156
SRR22442049	S058	ftp.sra.ebi.ac.uk/vol1/fastq/SRR224/049/SRR22442049/SRR22442049.fastq.gz	c9ee22651ef6d8eb631fb4e67470d248	3442923959
SRR22442056	S050	ftp.sra.ebi.ac.uk/vol1/fastq/SRR224/056/SRR22442056/SRR22442056.fastq.gz	625890199ce57dd633b61eb67f129e14	4596021840
SRR22442057	S049	ftp.sra.ebi.ac.uk/vol1/fastq/SRR224/057/SRR22442057/SRR22442057.fastq.gz	d25cd7db94bb00222025c9b8eb2db368	4398605754
SRR22442058	S048	ftp.sra.ebi.ac.uk/vol1/fastq/SRR224/058/SRR22442058/SRR22442058.fastq.gz	32df8520a2c51a2f931828c680d3f176	4633171602
SRR22442059	S047	ftp.sra.ebi.ac.uk/vol1/fastq/SRR224/059/SRR22442059/SRR22442059.fastq.gz	0c81325063d2ee8c985ffd61a68ad1bc	4130051016
SRR22442061	S361	ftp.sra.ebi.ac.uk/vol1/fastq/SRR224/061/SRR22442061/SRR22442061.fastq.gz	653bdd619d78363c8a175db1bdc99730	5220713149
SRR22442063	S359	ftp.sra.ebi.ac.uk/vol1/fastq/SRR224/063/SRR22442063/SRR22442063.fastq.gz	ea415173c8c057f0cb52938ba68f2f3f	5201005970
SRR22442069	S375	ftp.sra.ebi.ac.uk/vol1/fastq/SRR224/069/SRR22442069/SRR22442069.fastq.gz	e9cf6f2422c3f8d7af49814ddd1d918d	3609500985
SRR22442072	S372	ftp.sra.ebi.ac.uk/vol1/fastq/SRR224/072/SRR22442072/SRR22442072.fastq.gz	c723e15731dc2f031d40664b5fa0c870	4105113364
SRR22442074	S370	ftp.sra.ebi.ac.uk/vol1/fastq/SRR224/074/SRR22442074/SRR22442074.fastq.gz	5b622c2cd0cfaba01af206f18f1edec8	4050140022
SRR22442075	S236	ftp.sra.ebi.ac.uk/vol1/fastq/SRR224/075/SRR22442075/SRR22442075.fastq.gz	ed3cf4f4d11bad3178680a987b66a3b1	4425060077
SRR22442081	S230	ftp.sra.ebi.ac.uk/vol1/fastq/SRR224/081/SRR22442081/SRR22442081.fastq.gz	2c0b8cb0b699a2397499bbf1b825b22a	4767284294
SRR22442085	S250	ftp.sra.ebi.ac.uk/vol1/fastq/SRR224/085/SRR22442085/SRR22442085.fastq.gz	6dd10a878081bdcf0e08906cb562a385	3580246424
SRR22442093	S225	ftp.sra.ebi.ac.uk/vol1/fastq/SRR224/093/SRR22442093/SRR22442093.fastq.gz	ab53480bd1b10ef64598502f751817da	5243022800
SRR22442095	S024	ftp.sra.ebi.ac.uk/vol1/fastq/SRR224/095/SRR22442095/SRR22442095.fastq.gz	8e92b53dd60ac04f3d069baa7c445a8e	4312701664
SRR22442096	S227	ftp.sra.ebi.ac.uk/vol1/fastq/SRR224/096/SRR22442096/SRR22442096.fastq.gz	b73b8cde51b8ecce68fd5cf36902e3a9	3544931288
SRR22442098	S229	ftp.sra.ebi.ac.uk/vol1/fastq/SRR224/098/SRR22442098/SRR22442098.fastq.gz	5d3c96c2281ea9de1ac5b518ac1c5551	5305976676
SRR22442105	S213	ftp.sra.ebi.ac.uk/vol1/fastq/SRR224/005/SRR22442105/SRR22442105.fastq.gz	cc6946035fe90e29009139990c64fb9f	4563328749
SRR22442106	S214	ftp.sra.ebi.ac.uk/vol1/fastq/SRR224/006/SRR22442106/SRR22442106.fastq.gz	2c89cdb95469d41fcae92ce91f313a7e	4185818191
SRR22442113	S170	ftp.sra.ebi.ac.uk/vol1/fastq/SRR224/013/SRR22442113/SRR22442113.fastq.gz	75ef3204a953f6adafd0e84eeae9fd3a	3722414472
SRR22442116	S167	ftp.sra.ebi.ac.uk/vol1/fastq/SRR224/016/SRR22442116/SRR22442116.fastq.gz	e09e694c6d4db6073b5114d59db5d5c0	4421738633
SRR22442120	S164	ftp.sra.ebi.ac.uk/vol1/fastq/SRR224/020/SRR22442120/SRR22442120.fastq.gz	7b1ad36ac1b1f41491fa3b302e2d2665	4197130648
SRR22442121	S163	ftp.sra.ebi.ac.uk/vol1/fastq/SRR224/021/SRR22442121/SRR22442121.fastq.gz	56a0034179d34bdd9d4a673c1405b476	5066563100
SRR22442132	S153	ftp.sra.ebi.ac.uk/vol1/fastq/SRR224/032/SRR22442132/SRR22442132.fastq.gz	3c0b60b18f8478328407ec44c568dfbd	4297496372
SRR22442140	S016	ftp.sra.ebi.ac.uk/vol1/fastq/SRR224/040/SRR22442140/SRR22442140.fastq.gz	66c4d4bc0c10876d081d8d8de36440e7	3987235666
SRR22442151	S015	ftp.sra.ebi.ac.uk/vol1/fastq/SRR224/051/SRR22442151/SRR22442151.fastq.gz	d5bbd39e659031806640ecfbafe4f648	3436006357
SRR22442155	S132	ftp.sra.ebi.ac.uk/vol1/fastq/SRR224/055/SRR22442155/SRR22442155.fastq.gz	29b3333daa4a8e5717db2f0549494e3b	4010522936
SRR22442158	S129	ftp.sra.ebi.ac.uk/vol1/fastq/SRR224/058/SRR22442158/SRR22442158.fastq.gz	340a59d18041cfcdd5c95def8075c9a8	4412184710
SRR22442166	S122	ftp.sra.ebi.ac.uk/vol1/fastq/SRR224/066/SRR22442166/SRR22442166.fastq.gz	c20b4d27dce438fa7e10b4d213bdb331	3595250936
SRR22442180	S109	ftp.sra.ebi.ac.uk/vol1/fastq/SRR224/080/SRR22442180/SRR22442180.fastq.gz	eb61ccb44291c7b399a57e44b4252447	4225615305
SRR22442182	S107	ftp.sra.ebi.ac.uk/vol1/fastq/SRR224/082/SRR22442182/SRR22442182.fastq.gz	87878b9951030eb35296fa7beb69be2d	4423587317
SRR22442183	S106	ftp.sra.ebi.ac.uk/vol1/fastq/SRR224/083/SRR22442183/SRR22442183.fastq.gz	ca95df0a058dc837c628b0771c56575e	3805671869
SRR22442185	S003	ftp.sra.ebi.ac.uk/vol1/fastq/SRR224/085/SRR22442185/SRR22442185.fastq.gz	398477c665d550b1b5b591fcc5a84fef	4060550767
SRR22441818	S092	ftp.sra.ebi.ac.uk/vol1/fastq/SRR224/018/SRR22441818/SRR22441818.fastq.gz	820818197210592ce87cc86c6ea961c4	3665191530
SRR22441824	S368	ftp.sra.ebi.ac.uk/vol1/fastq/SRR224/024/SRR22441824/SRR22441824.fastq.gz	0ea44e6e9307e9ea3c2c539faa429ad0	6149521272
SRR22441825	S052	ftp.sra.ebi.ac.uk/vol1/fastq/SRR224/025/SRR22441825/SRR22441825.fastq.gz	a26598f3fcc4a2c74aa7b9c1d3aa89e8	4360531885
SRR22441830	S365	ftp.sra.ebi.ac.uk/vol1/fastq/SRR224/030/SRR22441830/SRR22441830.fastq.gz	8e452b9d4a9ff7daf7b9dca075948822	5004670457
SRR22441831	S364	ftp.sra.ebi.ac.uk/vol1/fastq/SRR224/031/SRR22441831/SRR22441831.fastq.gz	99c96bceaf1631adcd89b3638fc81346	5109156996
SRR22441832	S363	ftp.sra.ebi.ac.uk/vol1/fastq/SRR224/032/SRR22441832/SRR22441832.fastq.gz	8a59ec402ccb9b126cc94a65e3bbebe2	5377987249
SRR22441837	S337	ftp.sra.ebi.ac.uk/vol1/fastq/SRR224/037/SRR22441837/SRR22441837.fastq.gz	617ae3a10207f2631b8c840f88b8c368	4484098395
SRR22441840	S357	ftp.sra.ebi.ac.uk/vol1/fastq/SRR224/040/SRR22441840/SRR22441840.fastq.gz	8a89c29d73e4854172b7409b973d80d0	4491164873
SRR22441841	S356	ftp.sra.ebi.ac.uk/vol1/fastq/SRR224/041/SRR22441841/SRR22441841.fastq.gz	6ebcb1f5b247a7bc8f6511b161b2d882	4449053890
SRR22441843	S354	ftp.sra.ebi.ac.uk/vol1/fastq/SRR224/043/SRR22441843/SRR22441843.fastq.gz	9a634997208fdc92679f6e3d2505613e	4732347448
SRR22441848	S037	ftp.sra.ebi.ac.uk/vol1/fastq/SRR224/048/SRR22441848/SRR22441848.fastq.gz	6719c8268f165844fa2be7e6952de7f3	4008548161
SRR22441849	S347	ftp.sra.ebi.ac.uk/vol1/fastq/SRR224/049/SRR22441849/SRR22441849.fastq.gz	db15fd6ed5ebd809e3849c78c919ca52	4397232207
SRR22441851	S345	ftp.sra.ebi.ac.uk/vol1/fastq/SRR224/051/SRR22441851/SRR22441851.fastq.gz	6f9cc8e0d548da1d952d9814e6a2804b	5334347987
SRR22441852	S343	ftp.sra.ebi.ac.uk/vol1/fastq/SRR224/052/SRR22441852/SRR22441852.fastq.gz	d59aff95b44828e1fcd4d86a5b18948e	5074687824
SRR22441856	S321	ftp.sra.ebi.ac.uk/vol1/fastq/SRR224/056/SRR22441856/SRR22441856.fastq.gz	87692328e503d7780a73450fe3217e61	3984137113
SRR22441862	S301	ftp.sra.ebi.ac.uk/vol1/fastq/SRR224/062/SRR22441862/SRR22441862.fastq.gz	2de1b9b860ab05b19573bbf8f91b1e9a	4437622261
SRR22441866	S278	ftp.sra.ebi.ac.uk/vol1/fastq/SRR224/066/SRR22441866/SRR22441866.fastq.gz	90746db670acf4e5ce087a0c47fa1eb9	4692535692
SRR22441867	S296	ftp.sra.ebi.ac.uk/vol1/fastq/SRR224/067/SRR22441867/SRR22441867.fastq.gz	8a1ceef07bdea3071b1d334718579680	4538200868
SRR22441869	S295	ftp.sra.ebi.ac.uk/vol1/fastq/SRR224/069/SRR22441869/SRR22441869.fastq.gz	8dd789a0278fb4ea07ec4f4c6be753c6	4459067261
SRR22441870	S294	ftp.sra.ebi.ac.uk/vol1/fastq/SRR224/070/SRR22441870/SRR22441870.fastq.gz	bbc762608245c42eaa33996d947e2c02	5534027162
SRR22441871	S293	ftp.sra.ebi.ac.uk/vol1/fastq/SRR224/071/SRR22441871/SRR22441871.fastq.gz	16be5825432e375aac1dd10f249acb8c	4748771382
SRR22441872	S292	ftp.sra.ebi.ac.uk/vol1/fastq/SRR224/072/SRR22441872/SRR22441872.fastq.gz	51b320f1a54bdf220c22b1365599f645	3642929822
SRR22441875	S309	ftp.sra.ebi.ac.uk/vol1/fastq/SRR224/075/SRR22441875/SRR22441875.fastq.gz	6c559e16cd7f2181b74c6cec2ac27394	3928119513
SRR22441878	S288	ftp.sra.ebi.ac.uk/vol1/fastq/SRR224/078/SRR22441878/SRR22441878.fastq.gz	6aaee9336076a5e1c9a8fce606a3d8be	4271925687
SRR22441885	S283	ftp.sra.ebi.ac.uk/vol1/fastq/SRR224/085/SRR22441885/SRR22441885.fastq.gz	f409d10f3c6fd38948f490f493cb2cc3	4485815652
SRR22441886	S282	ftp.sra.ebi.ac.uk/vol1/fastq/SRR224/086/SRR22441886/SRR22441886.fastq.gz	5b1b84a66bf638c88d5ff5740419a7da	3463803402
SRR22441894	S273	ftp.sra.ebi.ac.uk/vol1/fastq/SRR224/094/SRR22441894/SRR22441894.fastq.gz	c6f4fd6f6a1cb4b5bfa0af5146b679fd	4506667934
SRR22441898	S097	ftp.sra.ebi.ac.uk/vol1/fastq/SRR224/098/SRR22441898/SRR22441898.fastq.gz	a191d90ea5e45663a62708350e9cfd92	4189538252
SRR22441900	S011	ftp.sra.ebi.ac.uk/vol1/fastq/SRR224/000/SRR22441900/SRR22441900.fastq.gz	ec869cb6784b34d4418a8578d60b2cd2	4272679011
SRR22441906	S090	ftp.sra.ebi.ac.uk/vol1/fastq/SRR224/006/SRR22441906/SRR22441906.fastq.gz	01d697dd4d2e37bea92711f7c0f65eb8	3487344721
SRR22441911	S085	ftp.sra.ebi.ac.uk/vol1/fastq/SRR224/011/SRR22441911/SRR22441911.fastq.gz	6de245e5a9d82937d2c7505f5f66cd28	4272497555
SRR22441912	S010	ftp.sra.ebi.ac.uk/vol1/fastq/SRR224/012/SRR22441912/SRR22441912.fastq.gz	3f4df23a6a9355b17832aff04cda46bf	4578455867
SRR22441915	S104	ftp.sra.ebi.ac.uk/vol1/fastq/SRR224/015/SRR22441915/SRR22441915.fastq.gz	dcc27d26a5298783459db3bef465af60	4306574315
SRR22441917	S079	ftp.sra.ebi.ac.uk/vol1/fastq/SRR224/017/SRR22441917/SRR22441917.fastq.gz	298a6defbcbb1efe2a77d712771cccc9	4245883007
SRR22441919	S077	ftp.sra.ebi.ac.uk/vol1/fastq/SRR224/019/SRR22441919/SRR22441919.fastq.gz	27afb7e4a8a1946ee60f60b9e4153034	5195236481
SRR22441921	S074	ftp.sra.ebi.ac.uk/vol1/fastq/SRR224/021/SRR22441921/SRR22441921.fastq.gz	3cac96e7d34820a1c8fd4515e5bc4f45	2740301984
SRR22441923	S073	ftp.sra.ebi.ac.uk/vol1/fastq/SRR224/023/SRR22441923/SRR22441923.fastq.gz	1507437c3ddaea5616b142cbfcd9a52c	2742184641
SRR22441927	S070	ftp.sra.ebi.ac.uk/vol1/fastq/SRR224/027/SRR22441927/SRR22441927.fastq.gz	453c1d96461f05252b232ea5f4566546	3374095949
SRR22441931	S318	ftp.sra.ebi.ac.uk/vol1/fastq/SRR224/031/SRR22441931/SRR22441931.fastq.gz	3c820fde986c2b1e15f61158252a7cb2	4555576772
SRR22441933	S335	ftp.sra.ebi.ac.uk/vol1/fastq/SRR224/033/SRR22441933/SRR22441933.fastq.gz	d6def09ede0fdb425062e34f8e1f1fad	4494493217
SRR22441934	S334	ftp.sra.ebi.ac.uk/vol1/fastq/SRR224/034/SRR22441934/SRR22441934.fastq.gz	28dab4f83ade7c9ce5988313eaed840b	4065180981
SRR22441935	S333	ftp.sra.ebi.ac.uk/vol1/fastq/SRR224/035/SRR22441935/SRR22441935.fastq.gz	4c3c9007b9f3cb78c2c518bc90329e23	2874886217
SRR22441938	S351	ftp.sra.ebi.ac.uk/vol1/fastq/SRR224/038/SRR22441938/SRR22441938.fastq.gz	e6ec0385cc92d77ab188026cd0af36ab	4584804331
SRR22441942	S328	ftp.sra.ebi.ac.uk/vol1/fastq/SRR224/042/SRR22441942/SRR22441942_1.fastq.gz;ftp.sra.ebi.ac.uk/vol1/fastq/SRR224/042/SRR22441942/SRR22441942_2.fastq.gz	e2ea9449383bd6a25037d62e0978fda8;e6ebf74ad7eb90a06d696783cb9eabe5	2425935067;2434193592
SRR22441945	S326	ftp.sra.ebi.ac.uk/vol1/fastq/SRR224/045/SRR22441945/SRR22441945.fastq.gz	2105e0e3c94892593d139eb39ca81b24	3791590572
SRR22441949	S322	ftp.sra.ebi.ac.uk/vol1/fastq/SRR224/049/SRR22441949/SRR22441949.fastq.gz	8c341ec6fc724952b44f8936fb345758	4690274215
SRR22441953	S297	ftp.sra.ebi.ac.uk/vol1/fastq/SRR224/053/SRR22441953/SRR22441953.fastq.gz	0d42a1c840bee2643f7fba4cc7333bb1	4146378931
SRR22441954	S031	ftp.sra.ebi.ac.uk/vol1/fastq/SRR224/054/SRR22441954/SRR22441954.fastq.gz	445f1098af654fd24f33ce5d0decf760	4281252305
SRR22441957	S315	ftp.sra.ebi.ac.uk/vol1/fastq/SRR224/057/SRR22441957/SRR22441957.fastq.gz	3dcfc7d6f2356a75f48d2a1ed0528a0c	4216741136
SRR22441958	S314	ftp.sra.ebi.ac.uk/vol1/fastq/SRR224/058/SRR22441958/SRR22441958.fastq.gz	d4c0e317c1a441027a1ce7953ea234c9	4623874714
SRR22441962	S308	ftp.sra.ebi.ac.uk/vol1/fastq/SRR224/062/SRR22441962/SRR22441962.fastq.gz	e1a782e3de94f981ba5def998f1b9cd1	3722227535
SRR22441963	S307	ftp.sra.ebi.ac.uk/vol1/fastq/SRR224/063/SRR22441963/SRR22441963.fastq.gz	cec3e61cc45309590d2d5c1345f5af83	4023323503
SRR22441964	S033	ftp.sra.ebi.ac.uk/vol1/fastq/SRR224/064/SRR22441964/SRR22441964.fastq.gz	f138c3be87028bf8f1c03414367887bb	3610543313
SRR22441973	S028	ftp.sra.ebi.ac.uk/vol1/fastq/SRR224/073/SRR22441973/SRR22441973.fastq.gz	2d5722f5a996f037283641f3861e8268	4336768078
SRR22441979	S261	ftp.sra.ebi.ac.uk/vol1/fastq/SRR224/079/SRR22441979/SRR22441979.fastq.gz	c6e08a3287df1d3636a1b6b609e2238f	3720163776
SRR22441982	S025	ftp.sra.ebi.ac.uk/vol1/fastq/SRR224/082/SRR22441982/SRR22441982.fastq.gz	754bc105ac3d63bc5b448e0e9680b48b	3693607124
SRR22441984	S027	ftp.sra.ebi.ac.uk/vol1/fastq/SRR224/084/SRR22441984/SRR22441984.fastq.gz	1ec1d531640a61ae285475e607b09399	4893210713
SRR22441986	S256	ftp.sra.ebi.ac.uk/vol1/fastq/SRR224/086/SRR22441986/SRR22441986.fastq.gz	c9c06c4ad6ddbf603cc84fcc773bda88	3918706759
SRR22441992	S248	ftp.sra.ebi.ac.uk/vol1/fastq/SRR224/092/SRR22441992/SRR22441992.fastq.gz	6fc323f0015ea24fdcd75b0baeaee3dc	5438553111
SRR22441995	S246	ftp.sra.ebi.ac.uk/vol1/fastq/SRR224/095/SRR22441995/SRR22441995.fastq.gz	82c8f5fe764e6490143ae415d4bd0f7f	6257028195
SRR22441998	S243	ftp.sra.ebi.ac.uk/vol1/fastq/SRR224/098/SRR22441998/SRR22441998.fastq.gz	35099eb0783576a2dfe140d7ea4678cb	4210727276
SRR22442000	S241	ftp.sra.ebi.ac.uk/vol1/fastq/SRR224/000/SRR22442000/SRR22442000.fastq.gz	b71fb2bae9e20580f709c3ed6a18eb79	3997517149
SRR22442001	S240	ftp.sra.ebi.ac.uk/vol1/fastq/SRR224/001/SRR22442001/SRR22442001.fastq.gz	0a94475e12a4f986aff5d2965ad21bc8	3596099811
SRR22442002	S239	ftp.sra.ebi.ac.uk/vol1/fastq/SRR224/002/SRR22442002/SRR22442002.fastq.gz	f83f5a2a78b721166f0b8934889a6033	2169888392
SRR22442003	S206	ftp.sra.ebi.ac.uk/vol1/fastq/SRR224/003/SRR22442003/SRR22442003.fastq.gz	f03518b91fcdc4f20552f5c19dade8bb	4396397024
SRR22442005	S203	ftp.sra.ebi.ac.uk/vol1/fastq/SRR224/005/SRR22442005/SRR22442005.fastq.gz	281d2922f05c6e001f53b43d43bd9eac	2780479453
SRR22442007	S201	ftp.sra.ebi.ac.uk/vol1/fastq/SRR224/007/SRR22442007/SRR22442007.fastq.gz	f16435da77ad7b30e0d450fb40852add	4037709105
SRR22442014	S195	ftp.sra.ebi.ac.uk/vol1/fastq/SRR224/014/SRR22442014/SRR22442014.fastq.gz	23ae0897b26c833bd9078f13d2571e9a	4351560388
SRR22442020	S189	ftp.sra.ebi.ac.uk/vol1/fastq/SRR224/020/SRR22442020/SRR22442020.fastq.gz	705fe39a1e0db97ad5d7fec0361aac78	4349600266
SRR22442022	S187	ftp.sra.ebi.ac.uk/vol1/fastq/SRR224/022/SRR22442022/SRR22442022.fastq.gz	fb24723d6ba30db0ccbb755e6fa9cb80	4416489807
SRR22442025	S185	ftp.sra.ebi.ac.uk/vol1/fastq/SRR224/025/SRR22442025/SRR22442025.fastq.gz	7e9d2f6e03767c1eec3c5a35ed0950ee	4470298900
SRR22442028	S182	ftp.sra.ebi.ac.uk/vol1/fastq/SRR224/028/SRR22442028/SRR22442028.fastq.gz	d3fb6b9fc41902ecd2b6dcf96f2c3666	4496452408
SRR22442031	S179	ftp.sra.ebi.ac.uk/vol1/fastq/SRR224/031/SRR22442031/SRR22442031.fastq.gz	4fb621ed5f3779c98116c985c3fce791	3626108879
SRR22442033	S177	ftp.sra.ebi.ac.uk/vol1/fastq/SRR224/033/SRR22442033/SRR22442033.fastq.gz	49874f6c0ba0f49a2ada3846c13104a7	4082971272
SRR22442036	S175	ftp.sra.ebi.ac.uk/vol1/fastq/SRR224/036/SRR22442036/SRR22442036.fastq.gz	afa693599c0f7b9cec8f32ec01132697	4211106741
SRR22442040	S006	ftp.sra.ebi.ac.uk/vol1/fastq/SRR224/040/SRR22442040/SRR22442040.fastq.gz	fcd87b66c90121375cc91e134c04dd4d	4302321741
SRR22442044	S084	ftp.sra.ebi.ac.uk/vol1/fastq/SRR224/044/SRR22442044/SRR22442044.fastq.gz	07d4e2093b4f846e308ae8110df783e0	3529503920
SRR22442045	S083	ftp.sra.ebi.ac.uk/vol1/fastq/SRR224/045/SRR22442045/SRR22442045.fastq.gz	20410b0efa3902fabfddbec58aa10a7b	4611281891
SRR22442050	S057	ftp.sra.ebi.ac.uk/vol1/fastq/SRR224/050/SRR22442050/SRR22442050.fastq.gz	163bfb7f3097552957f05a7d7f0f5436	4448441878
SRR22442051	S056	ftp.sra.ebi.ac.uk/vol1/fastq/SRR224/051/SRR22442051/SRR22442051.fastq.gz	3e0dcd90956303ff6a144dd2080785b5	4513240740
SRR22442053	S054	ftp.sra.ebi.ac.uk/vol1/fastq/SRR224/053/SRR22442053/SRR22442053.fastq.gz	786522cc2030ef87fcd945db45e91759	4827055759
SRR22442060	S046	ftp.sra.ebi.ac.uk/vol1/fastq/SRR224/060/SRR22442060/SRR22442060.fastq.gz	6c975dcd81394548b9e21e4f9441e409	3940551378
SRR22442065	S041	ftp.sra.ebi.ac.uk/vol1/fastq/SRR224/065/SRR22442065/SRR22442065.fastq.gz	37dbbe0c95bd661a20b55f70cab7c377	3868276185
SRR22442070	S374	ftp.sra.ebi.ac.uk/vol1/fastq/SRR224/070/SRR22442070/SRR22442070.fastq.gz	43423ff003ab0465e209ab3f24769f10	3391196641
SRR22442071	S373	ftp.sra.ebi.ac.uk/vol1/fastq/SRR224/071/SRR22442071/SRR22442071.fastq.gz	69c2355f77dee903a6dc4267f87c38cb	4806353890
SRR22442077	S234	ftp.sra.ebi.ac.uk/vol1/fastq/SRR224/077/SRR22442077/SRR22442077.fastq.gz	ef3f960810eb568eee61ca77d74dbcd1	5294583445
SRR22442078	S233	ftp.sra.ebi.ac.uk/vol1/fastq/SRR224/078/SRR22442078/SRR22442078.fastq.gz	3cfe673b67222042d9240ffabc7f4ff4	5279317232
SRR22442080	S231	ftp.sra.ebi.ac.uk/vol1/fastq/SRR224/080/SRR22442080/SRR22442080.fastq.gz	f5bc2f52603b1e39e45af77343ec11a3	5531033667
SRR22442082	S023	ftp.sra.ebi.ac.uk/vol1/fastq/SRR224/082/SRR22442082/SRR22442082.fastq.gz	4918e123ce2942438f60719ca6c2a61f	3979399145
SRR22442083	S217	ftp.sra.ebi.ac.uk/vol1/fastq/SRR224/083/SRR22442083/SRR22442083.fastq.gz	87d39b52aaefbc97b53a7e01477e5a6f	4162127484
SRR22442089	S221	ftp.sra.ebi.ac.uk/vol1/fastq/SRR224/089/SRR22442089/SRR22442089.fastq.gz	2bf2fc3ae92c229f730cd19b2cfcc1d5	4851150486
SRR22442100	S208	ftp.sra.ebi.ac.uk/vol1/fastq/SRR224/000/SRR22442100/SRR22442100.fastq.gz	6f6ee6c0672652f4e7271c2c1ccc40fb	4596600597
SRR22442101	S209	ftp.sra.ebi.ac.uk/vol1/fastq/SRR224/001/SRR22442101/SRR22442101.fastq.gz	6d490f3d787da0cca2d0c5b1243dc530	3271220025
SRR22442102	S210	ftp.sra.ebi.ac.uk/vol1/fastq/SRR224/002/SRR22442102/SRR22442102.fastq.gz	7ecb14d7bd24366b8f8cc0173cc5aefc	4952261590
SRR22442103	S211	ftp.sra.ebi.ac.uk/vol1/fastq/SRR224/003/SRR22442103/SRR22442103.fastq.gz	7d88519cd0890459debc4b2b409ba758	4489906682
SRR22442104	S212	ftp.sra.ebi.ac.uk/vol1/fastq/SRR224/004/SRR22442104/SRR22442104.fastq.gz	ed0da49eb9b26d4b79dbe2058c935ea8	3009126556
SRR22442107	S215	ftp.sra.ebi.ac.uk/vol1/fastq/SRR224/007/SRR22442107/SRR22442107.fastq.gz	fb7b44ef3f3f60bc33f15aea64660b8f	4436155511
SRR22442109	S022	ftp.sra.ebi.ac.uk/vol1/fastq/SRR224/009/SRR22442109/SRR22442109.fastq.gz	f3ec9093566acd090d3eb664ab19be55	4226065992
SRR22442110	S004	ftp.sra.ebi.ac.uk/vol1/fastq/SRR224/010/SRR22442110/SRR22442110.fastq.gz	60cf0d654bb87e992a4a0dd85ccab7bd	2926400474
SRR22442114	S169	ftp.sra.ebi.ac.uk/vol1/fastq/SRR224/014/SRR22442114/SRR22442114.fastq.gz	ca62241446f94752a6e2e7cafb9ed56e	3733856851
SRR22442115	S168	ftp.sra.ebi.ac.uk/vol1/fastq/SRR224/015/SRR22442115/SRR22442115.fastq.gz	b81186bfc32510c6445d7bd804fb99c8	4910604494
SRR22442119	S165	ftp.sra.ebi.ac.uk/vol1/fastq/SRR224/019/SRR22442119/SRR22442119.fastq.gz	0a4711327d533135b459b051e554f22d	3627781318
SRR22442123	S161	ftp.sra.ebi.ac.uk/vol1/fastq/SRR224/023/SRR22442123/SRR22442123.fastq.gz	659f345563583ec5ee39e2f75d55a1cb	3997755616
SRR22442124	S160	ftp.sra.ebi.ac.uk/vol1/fastq/SRR224/024/SRR22442124/SRR22442124.fastq.gz	b11cb7fd231a054ecac3b9653def7024	5536054331
SRR22442127	S157	ftp.sra.ebi.ac.uk/vol1/fastq/SRR224/027/SRR22442127/SRR22442127.fastq.gz	fce252f1379a9f2d5c380918557c81b2	4736777658
SRR22442134	S151	ftp.sra.ebi.ac.uk/vol1/fastq/SRR224/034/SRR22442134/SRR22442134.fastq.gz	c9cdc0cdf179711769e201400841b512	4032915413
SRR22442138	S147	ftp.sra.ebi.ac.uk/vol1/fastq/SRR224/038/SRR22442138/SRR22442138.fastq.gz	0f4fbc89f71de451667849b7b5e99e3e	4292259766
SRR22442139	S146	ftp.sra.ebi.ac.uk/vol1/fastq/SRR224/039/SRR22442139/SRR22442139.fastq.gz	ae69cae2e497622b1a8793aafa057a26	3854268260
SRR22442141	S145	ftp.sra.ebi.ac.uk/vol1/fastq/SRR224/041/SRR22442141/SRR22442141.fastq.gz	375507b8fd59a559e65900e29dfc3421	4055943551
SRR22442143	S143	ftp.sra.ebi.ac.uk/vol1/fastq/SRR224/043/SRR22442143/SRR22442143.fastq.gz	63f37513b5c90f1f1382db340b599eb9	5168515165
SRR22442144	S142	ftp.sra.ebi.ac.uk/vol1/fastq/SRR224/044/SRR22442144/SRR22442144.fastq.gz	3d167edbf964e6bf48875f59d7b9ab03	4267657403
SRR22442146	S140	ftp.sra.ebi.ac.uk/vol1/fastq/SRR224/046/SRR22442146/SRR22442146.fastq.gz	abdeab01709b7f932d0809066451bc56	3740917852
SRR22442149	S137	ftp.sra.ebi.ac.uk/vol1/fastq/SRR224/049/SRR22442149/SRR22442149.fastq.gz	041ad6aad0f31c4118496394d04c927f	3859267107
SRR22442163	S125	ftp.sra.ebi.ac.uk/vol1/fastq/SRR224/063/SRR22442163/SRR22442163.fastq.gz	84d0141941af5b8da9c1d6fb375647eb	3430936232
SRR22442164	S124	ftp.sra.ebi.ac.uk/vol1/fastq/SRR224/064/SRR22442164/SRR22442164.fastq.gz	99d5ceed6b807207d59e23f63a136471	3926870808
SRR22442165	S123	ftp.sra.ebi.ac.uk/vol1/fastq/SRR224/065/SRR22442165/SRR22442165.fastq.gz	c1dc69953122e15123f5d66021baeb6d	3939050694
SRR22442167	S121	ftp.sra.ebi.ac.uk/vol1/fastq/SRR224/067/SRR22442167/SRR22442167.fastq.gz	92eb3ec8d559749020b2fed0a81202cb	3961419872
SRR22442169	S119	ftp.sra.ebi.ac.uk/vol1/fastq/SRR224/069/SRR22442169/SRR22442169.fastq.gz	aa8a3fe5a8d7ddcaa589de8841544bbe	4497945603
SRR22442170	S118	ftp.sra.ebi.ac.uk/vol1/fastq/SRR224/070/SRR22442170/SRR22442170.fastq.gz	b4533d3caa7c2440c6d35960ca8837a6	3914939654
SRR22442171	S117	ftp.sra.ebi.ac.uk/vol1/fastq/SRR224/071/SRR22442171/SRR22442171.fastq.gz	b7caff957312c14e268bd3e6e1d125a4	3825918413
SRR22442173	S013	ftp.sra.ebi.ac.uk/vol1/fastq/SRR224/073/SRR22442173/SRR22442173.fastq.gz	ed4e600dc1c6f3ed1700d90de925328f	3382319815
SRR22442174	S115	ftp.sra.ebi.ac.uk/vol1/fastq/SRR224/074/SRR22442174/SRR22442174.fastq.gz	3837c691596b008b31f81bdb378be6fa	3639194379
SRR22442177	S112	ftp.sra.ebi.ac.uk/vol1/fastq/SRR224/077/SRR22442177/SRR22442177.fastq.gz	397bf6ef19e7c073df511a629fb422c3	4509332060
SRR22442179	S110	ftp.sra.ebi.ac.uk/vol1/fastq/SRR224/079/SRR22442179/SRR22442179.fastq.gz	45d2c065abb7a30ef1a9b6b44791dc24	3911132906
SRR22442186	S001	ftp.sra.ebi.ac.uk/vol1/fastq/SRR224/086/SRR22442186/SRR22442186.fastq.gz	1c16d062406ec61de6d35d354c2ccf7a	5828210456
SRR23344553	S371	ftp.sra.ebi.ac.uk/vol1/fastq/SRR233/053/SRR23344553/SRR23344553.fastq.gz	82cf621b358fa6c5594a17d03ea0929f	4071703106
